{
  "files": {
    "School/CloudSecurity/PDF/Week 1.pptx": {
      "mtime": 1772494339.1923583,
      "size": 7382806
    },
    "School/CloudSecurity/PDF/Tutorial 1.docx": {
      "mtime": 1772494445.438666,
      "size": 27056
    }
  }
}