{
  "files": {
    "School/CloudSecurity/PDF/Tutorial 2.docx": {
      "mtime": 1772760971.1001203,
      "size": 79155
    },
    "School/CloudSecurity/PDF/simplified-aes-example.pdf": {
      "mtime": 1772760965.9886193,
      "size": 53231
    },
    "School/CloudSecurity/PDF/Week 1.pptx": {
      "mtime": 1772494339.1923585,
      "size": 7382806
    },
    "School/CloudSecurity/PDF/Week 2.pptx": {
      "mtime": 1772760957.7587945,
      "size": 716293
    },
    "School/CloudSecurity/PDF/Tutorial 1.docx": {
      "mtime": 1773115058.1720662,
      "size": 22319
    }
  }
}