{
  "files": {
    "School/CloudSecurity/PDF/Week 1.pptx": {
      "mtime": 1772494339.1923583,
      "size": 7382806
    },
    "School/CloudSecurity/PDF/Tutorial 1.docx": {
      "mtime": 1772494445.438666,
      "size": 27056
    },
    "School/CloudSecurity/PDF/Tutorial 2.docx": {
      "mtime": 1772760971.1001203,
      "size": 79155
    },
    "School/CloudSecurity/PDF/Week 2.pptx": {
      "mtime": 1772760957.7587948,
      "size": 716293
    },
    "School/CloudSecurity/PDF/simplified-aes-example.pdf": {
      "mtime": 1772760965.9886193,
      "size": 53231
    }
  }
}
