{
  "files": {
    "School/CloudComputing/PDF/Week1-overview-26.pdf": {
      "mtime": 1772540564.2344983,
      "size": 245351
    },
    "School/CloudComputing/PDF/Week1_intro-26.pdf": {
      "mtime": 1772540579.3362212,
      "size": 1729805
    },
    "School/CloudComputing/PDF/Week2_virtualization_lectorial_26.pdf": {
      "mtime": 1772540920.74204,
      "size": 933649
    },
    "School/CloudComputing/PDF/Week3_virtualization_lectorial_26.pdf": {
      "mtime": 1772541015.1523893,
      "size": 704434
    }
  }
}
